fecha,tipo,descripcion,monto
2026-10-01,gasto,Lavado de tanque,250000
2026-10-01,gasto,Compra de carrotanque para llenado del tanque con agua,120000
2026-10-01,gasto,Abono pago empleada del servicio,480000
2026-10-01,gasto,Peaje,7500
2026-10-01,gasto,McDonald's,111400
2026-10-01,gasto,Cafetería,56000
2026-10-01,gasto,Tiendas ARA alimentos (mercado),62000
2026-10-02,gasto,"Dollarcity (shampoo, listerine y otros)",42000
2026-10-02,gasto,Pasajes Marco Ramos,100000
2026-10-02,gasto,Farmatodo shampoos bebés,119760
